Col_1,Col_2,Col_3
7'ZOH^$lWNI',597760615,2033-7-22
?zfZj'>G.]f6,582563763,2052-2-29
`D}&bxf#3q?O,628567195,2047-5-20
"Wm&1,O=k%wFh",473042519,1956-4-22
L`t0%\x`x0yK,820304856,1931-11-25
a\}y75a$U'Wn,240148363,1965-5-4
U(b[BiMs)S<o,788178371,2082-1-13
"3Mm$bLar5v{,",710850039,1940-1-13
1tWp}wdo}Dbu,752110601,1952-1-14
B]C [5q@:nX=,660543452,2039-7-26
"
"
Col_1,Col_2,Col_3
":Pmvr+OF ,.P",99948869145064771935497433967324030539,2040-1-30 2:15:17:660
",Qzd|gu04a84",13006372750507762075857850652618266402,1950-4-19 12:23:14:258
OnHgW&3V=+S5,19297513476243745608580340313009034665,1937-12-26 5:21:25:179
"0]`&By!PJ""S%",49111345491109482094969431925782801251,1953-10-9 2:10:14:962
+- 4UTb}>iWH,80992666919129755285116297189292684425,2020-8-16 23:3:11:858
"[Q""xO')^Itf&",27874553631222178996447642717484262647,2092-8-26 10:19:12:561
jcteoIg^lE\W,68438527556837141224747639500918601467,1911-6-22 19:46:5:217
2*oc%?ZtI$]#,53150778566989288865610029839996722153,2006-4-2 1:34:28:768
8[ogS$sGoFlf,73338114164707635634691905571017037160,1999-7-24 9:56:40:183
T$!?oDR+m&mN,30140252368406579218562814497938319636,2000-5-18 0:8:9:766
IGfA(WkyY{SE,59726672769658985202772120989941510265,2043-11-11 17:2:12:430
3}@8Bq6|-Ix3,95668550136055771288928829698936698557,2069-10-26 17:28:39:291
"
"
Col_1
T_4*w;um.MNs
@}]_#qaS9*?D
")CX}}BV,[qw0"
h%|m/QoHtPJU
U*Ox|otOb**8
"Y""moNl^^g$ox"
"""]>Dmecr<<eN"
|~BDV?{gr*pX
"$-*V5!j""&_-I"
4K___#PGFD#H
"
"
Col_1,Col_3,Col_4,Col_5,Col_7
ey^|GC62vP{-,2073-5-13 16:39:26,2020-4-3 18:9:9,1983-1-19 4:3:43,
)n&[WlRm?5mB,2046-4-29 2:47:52,1991-7-23 14:10:8,1997-11-10 22:55:7,
",0>&n3:;L*fr",1955-10-1 3:48:23,2000-5-16 12:32:18,2069-2-12 20:58:11,
Su+]0Qz\]8;%,2070-12-11 1:51:54,2060-5-31 13:15:54,2008-2-15 5:30:16,
Y1/3r*]-%'M ,1903-5-24 6:4:59,2066-12-8 0:28:0,2086-10-12 21:13:58,
^>&pzeq6g0sQ,2084-1-27 11:2:6,2027-3-5 8:5:29,1940-6-31 13:12:47,
",T>g'#mcR'_<",1927-10-30 19:54:51,1978-4-4 22:34:51,2067-6-9 7:24:29,
yOsos-5w(q7O,1958-1-16 0:11:41,2089-4-29 3:8:49,2060-2-8 23:13:59,
"F=K""M]pTHgF6",1920-1-1 21:6:36,1992-7-27 17:30:27,1952-2-7 11:37:58,
(@K|zz gI@;M,1963-6-23 6:5:50,2099-4-12 9:3:8,2006-11-16 12:47:16,
